lat,lon
49.22293831133211,9.219624856495503
49.22295662579054,9.21955578961337
49.22298897993678,9.219416985296847
49.22300846786165,9.219327718028071
49.22303566713745,9.219270553448441
49.22306542289371,9.219228308656456
49.22308193524296,9.219214394697191
49.22309572347368,9.219204168775322
49.22311131381358,9.219199055814387
49.22312757470573,9.219198804357292
49.22314207539821,9.219204504051449
49.22315280423427,9.219215987258794
49.22316022221858,9.219234175988676
49.22316784975047,9.2192553822037
49.22317556110139,9.219273487114551
49.22318268571908,9.219285808512213
49.22318893023694,9.219293268406036
49.22321017836148,9.219294190415384
49.22322249975915,9.219294777148606
49.22322849281991,9.219301147395017
49.22323553361858,9.219312127688172
49.22323972457016,9.219320761048438
49.22324265823627,9.219324868180992
49.22324341260756,9.219330819332244
49.22324131713177,9.219336435207369
49.22324110758419,9.219342470177653
49.22324270014579,9.219345487662794
49.22324496325965,9.219349427157285
49.22324647200222,9.219351354995014
49.22323700045163,9.219370046639087
49.22324684918786,9.219374237590673
49.22325694938118,9.219374991961958
49.22327077952141,9.219349259519221
49.22327777841056,9.219299219557287
49.22328092162425,9.219255885117891
49.22328234654779,9.219208108269813
49.22328494493777,9.219153374442103
49.22328175981457,9.219102077194693
49.22327660494412,9.219051953413727
49.22327786222959,9.218991268434765
49.22331759245063,9.218870066114905
49.22333117113376,9.218780631208064
49.22335434709603,9.2186924535867
49.22338397712375,9.218606874355318
49.22339009591306,9.218519283467176
49.22341549307967,9.218439990663173
49.22345329546297,9.218356506907584
49.22349285804594,9.218247961261513
49.22352957078184,9.218139750891568
49.22354805287833,9.218042017900588
49.2235669959795,9.217976219960692
49.22359717083091,9.217881252997758
49.22362638176347,9.217799361803772
49.22367709227765,9.217745969080569
49.22373844780887,9.21768880450094
49.2237905832466,9.217571876951695
49.22381820161755,9.217474730693937
49.22383664180452,9.217403484516979
49.22377369371171,9.217297956356049
49.2237670720082,9.217183794834853
49.22375848055745,9.217107268058896
49.22374293212707,9.217023532846213
49.22369716693575,9.216987406843543
49.22369322744126,9.216950777926684
49.22369217970336,9.216919429608822
49.22368974895144,9.216899396860242
49.2236875277471,9.216889673852563
49.2236867314663,9.216850027450562
49.22367038675512,9.21682060697043
49.22364331320787,9.216804932811499
49.22360534318651,9.21679864638412
49.22356255357082,9.216799149298311
49.2235151958179,9.216804765173435
49.22346917916948,9.216815158733368
49.22342404262091,9.216826390483618
49.22338242647166,9.216841980823517
49.22333439816649,9.216852458202482
49.22328657940889,9.216865366333366
49.22323104930038,9.216880789035201
49.22317283698285,9.21689487063253
49.22311202627534,9.216897971936703
49.22305209566767,9.216894786813498
49.22298826747501,9.216889925309658
49.22291928441191,9.2168704792943
49.22283140015715,9.21684063971901
49.22278140210474,9.21684893780315
49.22268840488905,9.216846842327357
49.22269234438354,9.216744918384791
49.22263375488037,9.2166598420676
49.22256657392645,9.216538723566771
49.22251871325934,9.216456413277626
49.22245119702929,9.216369912036896
49.22240090561026,9.216291708880306
49.2223470937919,9.216218031951428
49.22229466498757,9.216146366679311
49.22223729086036,9.216064810761452
49.22216612850243,9.216012675323725
49.2221250990864,9.215949308135748
49.2220323114183,9.215874709197521
49.22201135666037,9.215812431656957
49.2219731351819,9.215753339239598
49.22192037110144,9.215684607633589
49.22191689261162,9.215636830785511
49.2218626616981,9.215555442505716
49.22180746686572,9.215475395330428
49.22173986681664,9.21541152522826
49.22170089096689,9.215350337335108
49.2216282198664,9.215287053966163
49.22157109719628,9.215235756718753
49.22149641443902,9.215215304875015
49.2214493081432,9.215147243821262
49.22138304919863,9.215131485843299
49.22131599397326,9.215111117818592
49.22125870366508,9.215092761450647
49.22121122018361,9.215046241888045
49.22116474253053,9.214966697626947
49.22111566648746,9.214877011263011
49.22107107476258,9.214789336555837
49.2209897283923,9.214697051801918
49.22091512945408,9.214600827553509
49.22085138508046,9.214535783984898
49.22079681889081,9.214479960509776
49.22073617582137,9.214408714332817
49.22066509728247,9.214332187556861
49.2206041189369,9.214256666609286
49.22054506842905,9.21419480816388
49.22048165933156,9.214126998567222
49.22045466960335,9.214063296103118
49.22037667599434,9.213976543405293
49.22031984669083,9.213900435724495
49.22022806485111,9.213837739088772
49.22017659996563,9.213788621136185
49.22012249478066,9.213713435464737
49.22005933714026,9.213628778242704
49.22000116673225,9.213564321407315
49.21994052366281,9.213490141564247
49.21989894942308,9.213428702213999
49.21984107238168,9.213363574826356
49.2197951395523,9.213279671975609
49.21975750480706,9.213207336151239
49.219671464571,9.213137431078788
49.21962771103644,9.213072722786304
49.21958601106817,9.213003236809012
49.21952427835131,9.212937522688147
49.21945630111659,9.212860492998001
49.21940395613128,9.212797209629056
49.21935173687452,9.212735435002681
49.21929968525583,9.212683467203018
49.21924746599907,9.21262202785277
49.21915354677403,9.212532173850771
49.21909185596669,9.212459083655116
49.219034523749,9.212362775587675
49.21899248850459,9.212271748119232
49.21895300974065,9.212153563284513
49.21889546797538,9.212049208590027
49.21886458066219,9.211945692085859
49.21884048269057,9.21184661799037
49.21881118793899,9.211736144506569
49.2187771155026,9.211630029612417
49.21874647964651,9.211527351298566
49.21874836557472,9.211416877814765
49.21872397423649,9.211331717678542
49.21870146882647,9.211267931395406
49.21865226705486,9.211246222266192
49.2186008440789,9.211276983850832
49.21855046884084,9.211325515070195
49.21846128539109,9.211388044067855
49.2183994688552,9.211421152585382
49.2183365626719,9.21146063134932
49.21828585215771,9.21148703434431
49.21824570284152,9.211507234730954
49.21820660126323,9.211521064871187
49.21818631705755,9.211508324378366
49.21817374420279,9.211489632734294
49.21816179999077,9.211470857271189
49.21815496873969,9.211440682419772
49.2181499815073,9.211406568073864
49.21814658683652,9.211371531718607
49.21814340171331,9.211336830639477
49.21813950412834,9.211302967750663
49.21813405589128,9.211251335227127
49.21813263096774,9.211213449024791
49.21814520382249,9.211177574479217
49.21818086882049,9.21113273129725
49.2182305735063,9.211087888115282
49.21828203839177,9.211052013569708
49.21832763594502,9.211022425451512
49.21836359430963,9.210999039941663
49.21838928484285,9.210991412409777
49.21841761567557,9.210957214244837
49.21843404420579,9.210936930039162
49.21846560207123,9.210905916997428
49.21850482937807,9.210882280030484
49.2185228923794,9.210862163462872
49.21853810553366,9.21084933915102
49.21853906945253,9.210839532324309
49.21853181910628,9.210829474040503
49.21851748605186,9.210806172349686
49.21849586074168,9.210759988063211
49.21847255905086,9.210704583683247
49.21845353213066,9.210654208445186
49.21844255183751,9.210619255908961
49.21843404420579,9.21059234999978
49.21842394401246,9.210566030823822
49.21841350854302,9.210541052752371
49.2184031568926,9.210515487947697
49.21839246996606,9.210484894001121
49.2183783045497,9.2104428168472
49.21836149883384,9.210399230950708
49.21834050216639,9.210367044442529
49.21831539836639,9.210346341141696
49.21829071366155,9.210326811307306
49.21826535840446,9.210294708618159
49.21825056434536,9.210223378622169
49.21823212415838,9.210147354760403
49.21822411944085,9.210057836034531
49.21819872227424,9.209961947062247
49.21817793515438,9.20986630954706
49.21814721547926,9.209775784992807
49.21811150857175,9.209677800544732
49.21807969924921,9.209578139716022
49.21805153605455,9.209487698980801
49.2180128116619,9.20938745141887
49.21797228516007,9.209290891894334
49.21794366096074,9.209183184438579
49.21790958852434,9.209084697076314
49.21786830765122,9.208986712628239
49.217828074516,9.208881352105372
49.21779651665056,9.208776913591855
49.2177554034155,9.208670128145449
49.21770666264856,9.208569126212232
49.21764065516108,9.208493018531435
49.21758805871868,9.208400817596548
49.21753298961485,9.208307946109407
49.21747352001184,9.208226557829612
49.21742385723555,9.208138296389215
49.21737846922988,9.208044419073692
49.21732717198247,9.207953140148154
49.21728706457579,9.207861442127458
49.21723480340952,9.207768151545158
49.21719519891703,9.207681985580555
49.21714587141687,9.207603866242996
49.21710517727697,9.207534212627641
49.21705601741487,9.207459865146509
49.21698225666696,9.207451986157528
49.21689424668366,9.207482747742167
49.21685359445328,9.207545444377891
49.21680912845695,9.207613253974548
49.21675737020487,9.207656923690072
49.2167135747608,9.207723476001254
49.21665955339486,9.20778583736085
49.21659937133008,9.207849120729795
49.21653931499386,9.207914751031629
49.21649099332208,9.207982225352159
49.21643512793744,9.208049448215595
49.21637632888669,9.208111809575193
49.21631019567067,9.208182217561834
49.21625881460422,9.208255475395553
49.21617922843361,9.208340970807903
49.21609800779188,9.208419844516747
49.21602898281926,9.208491174512737
49.21596536417419,9.208577508115404
49.21588619709873,9.208635762342446
49.21579340943062,9.208715055146449
49.2157188104924,9.208787558608883
49.21564664230609,9.208876406782501
49.21556827151144,9.208950502806537
49.21549710915351,9.209024347373479
49.21543235895151,9.209106573843592
49.21537230261528,9.209191482522719
49.21532276556754,9.209286030390494
49.21526208058857,9.209371693440907
49.21518668536955,9.20945048333072
49.21513924379759,9.209527513020866
49.21508425851279,9.209604961806171
49.21502927322798,9.209675369792812
49.21497294683867,9.209750052550071
49.21492269732916,9.20982917771601
49.21488577504569,9.20991567895674
49.21482743699961,9.20999237337076
49.21477857050412,9.210085328676934
49.21473427214586,9.210171159365411
49.21468590856456,9.210267802708978
49.21464860909545,9.210362853490944
49.21461168681198,9.210461173215146
49.21455632434153,9.210552033045525
49.21451944396757,9.210642557599778
49.21447212812417,9.210729394116635
49.21442229770982,9.210820840680237
49.21436756388211,9.210914466538663
49.21430742372685,9.210995351904268
49.21427515339964,9.21107950621211
49.21422884338462,9.211163576700921
49.2141685355913,9.211245719352002
49.21411401131117,9.211315456786389
49.21406049285942,9.211402544760341
49.21399917923772,9.211485944696898
49.21395110902303,9.211567835890884
49.2139050504651,9.211651990198726
49.21385601633155,9.21175039374196
49.21380216260367,9.211842762314911
49.21376042072588,9.211932448678848
49.21369856228047,9.212016519167658
49.21364952814692,9.212097655990359
49.21359114819133,9.212147025400039
49.21354391616696,9.212230257698533
49.21349727087581,9.212313909092185
49.21344396197163,9.212390938782331
49.21338621065878,9.21246319078767
49.21333638024443,9.21254726127648
49.21329002831989,9.212622782224056
49.21323650986814,9.212711546578642
49.21317942910754,9.212788911544916
49.21312167779469,9.21287314967179
49.21306501612925,9.212948670619365
49.21300772582107,9.213019330063101
49.21295186043643,9.213088480764267
49.2128851823967,9.213155200713512
49.21282500033193,9.213221753024694
49.21277043414229,9.213290652268764
49.21271452684813,9.21336030588412
49.21266008638703,9.213423673072096
49.21260510110223,9.213498523467418
49.21254445803278,9.213554430761572
49.21248113275432,9.213610589512822
49.21242057350391,9.213670184844371
49.21236164872461,9.213730534547206
49.21230259821677,9.213798930877086
49.21224023685717,9.213851988324164
49.21217506756001,9.213904039942859
49.21211421494299,9.213967742406963
49.21204967428856,9.214013339960216
49.21198882167154,9.214073354386924
49.21193245337271,9.214125406005619
49.21186854136103,9.214182319128154
49.21180421025419,9.214242836469053
49.21174671039843,9.214302431800602
49.21168455858641,9.214351465934156
49.21162060466521,9.214397566401599
49.21155623164886,9.214444253602265
49.21147551392131,9.214471075692414
49.21140594412499,9.214513991036652
49.21133482367658,9.214544752621292
49.21126131438577,9.21460770071411
49.21119777955973,9.214652292438982
49.21113483146691,9.214698644363521
49.21106459111833,9.214740972974537
49.21099041127526,9.214783804499744
49.2109236494165,9.21482956969106
49.21084800274038,9.214867204436301
49.2107814504292,9.214906180286048
49.21070886314773,9.214944988497733
49.2106361082282,9.214985556909083
49.21055832416677,9.215026041501401
49.21049076602721,9.215071136140464
49.2104170052793,9.215113045656322
49.2103424901601,9.215154116981862
49.21027396810167,9.215187812232612
49.21020075217747,9.215226368987201
49.21012858399116,9.215263668456315
49.21006052293741,9.215297531345128
49.20998957012706,9.215332148605226
49.20991979078316,9.215366430589198
49.20985177163892,9.215401969858645
49.20978274666631,9.2154422868129
49.20971740973108,9.215477071711062
49.20964721129202,9.215512443342446
49.20957625848168,9.215538930156468
49.20951134064161,9.215581258767484
49.20944441114479,9.21561134979987
49.2093728296917,9.215645380326746
49.20930657074713,9.215674633168815
49.20923402537518,9.215707993143438
49.20916785024964,9.215749986478329
49.20910251331442,9.215789381423235
49.20903851748371,9.215824669235587
49.20897263572478,9.215863477447272
49.20891425576919,9.21590052545929
49.20885046948605,9.215941512965799
49.20879011978322,9.215975375854612
49.20872847088539,9.216007310905695
49.20866732490175,9.21604075469935
49.20860747811311,9.21607595869267
49.20854767323398,9.216096745812536
49.20849252031111,9.216123316445589
49.2084438633632,9.216159945362449
49.20837923888975,9.216178804644585
49.20830581341797,9.216202609249592
49.2082332261365,9.216212667533398
49.20816109985971,9.216235885405183
49.20808771629744,9.2162626236763
49.20801014178359,9.216285506271959
49.20795222283267,9.216305874296665
49.20788018037491,9.216330600911022
49.20781471771114,9.216339234271288
49.2077424657058,9.21635398642087
49.20767553620897,9.216370834046245
49.20760483485572,9.21637452208364
49.20752809853219,9.216371001684308
49.20745324813686,9.216375360273958
49.20736167584472,9.216381898158431
49.20727056455724,9.21639061533773
49.20719575607144,9.216389525690317
49.20710506387912,9.216389274233222
49.2070326023262,9.216396063574791
49.20696504418664,9.216397069403172
49.20688839168213,9.216396650308013
49.20677972030752,9.216433530681968
49.20675038364642,9.216458424934387
49.2066718452137,9.216481642806173
49.20659858737998,9.216500669726372
49.20651870784275,9.216511733838558
49.20642558489852,9.216539394119025
49.2063504830461,9.216553727173448
49.20626318552457,9.216559594505668
49.20618787412457,9.216567305856586
49.20611092825346,9.216573005550742
49.20603720941507,9.216573676102996
49.2059738841366,9.216578872882963
49.20590033293627,9.216579962530375
49.20582661409788,9.216590356090308
49.20574782420807,9.216592116289974
49.20566153251492,9.216601001107335
49.20557578564547,9.216611227029205
49.20549351726584,9.216608461001158
49.20542017561309,9.216605359696985
49.20533920642846,9.21661390923822
49.2052634759333,9.216617597275615
49.20519667216502,9.216628326111675
49.20510681816302,9.216629331940055
49.20503339269124,9.216626482092977
49.20495497998707,9.216629499578119
49.20487329834067,9.216626482092977
49.20480318372064,9.216631259777785
49.20473051262014,9.216615837075949
49.20465976935737,9.216616256171108
49.20459070247524,9.216608712458253
49.20452863448225,9.216602761307001
49.20445717875771,9.216612065219522
49.20443454761915,9.216631678872943
49.20435994868092,9.216624889531374
49.20429888651632,9.216623799883962
49.20423422013335,9.21663687565291
49.20418619182818,9.216654142373443
49.20410488736741,9.216632349425197
49.20403309636675,9.216623129331708
49.20394957070165,9.216610388838888
49.20387384020649,9.216599911459923
49.20380477332436,9.216610472657919
49.20372548052035,9.216605192058921
49.20364962429665,9.216604772963763
49.20357565400116,9.216600162917018
49.20349535536878,9.216630924501658
49.20342025351636,9.216618184008837
49.2033680342596,9.216625392445565
49.20330202677213,9.216624135160089
49.20324100651704,9.216616004714012
49.20316829350703,9.216605108239889
49.20309516140185,9.216604353868604
49.20300233182423,9.216612651952744
49.20294026383124,9.216607790448904
49.20285652861856,9.216595971965432
49.20276885391139,9.21660955064857
49.20269312341623,9.216614747428537
49.2026259005528,9.216619106018186
49.2025722563725,9.216604186230541
49.20248567131274,9.216593122118354
49.20240398966633,9.216592954480291
49.20232771434747,9.216593541213513
49.20224724807702,9.216574765750408
49.2021911731448,9.216579543435216
49.20212700967603,9.216566719123364
49.20205723033212,9.216589601719022
49.20197529722862,9.216581806549073
49.20190329668038,9.216574514293313
49.20183883984499,9.216575855397821
49.20176277407371,9.216585075491309
49.2016863730263,9.216579124340058
49.20161181599759,9.216570993893981
49.20154178519659,9.216564120733381
49.2014736403238,9.216545261451245
49.20140126258992,9.216530676939726
49.2013227241572,9.216519277551413
49.20124414381497,9.216522630312681
49.20115588237457,9.216506369420529
49.2010732368093,9.21648591757679
49.20100681022667,9.216482313358426
49.20092923571281,9.216484660291314
49.20086984992884,9.2165078781631
49.20079826847576,9.216494048022867
49.20071076140665,9.21648642049098
49.20064877723269,9.216487174862266
49.20057191518061,9.216478960597158
49.20049978890382,9.216462196790815
49.20041714333855,9.216455407449246
49.20035453052186,9.21644484625125
49.20027812947445,9.216452222326041
49.20020038732253,9.21646588482821
49.2001308175262,9.216457838201165
49.20006392993889,9.216467477389813
49.19999528215192,9.216463537895322
49.19993333988748,9.216468231761098
49.19985840567313,9.216482564815522
49.19978891969583,9.216486085214854
49.19972358276061,9.216495472946406
49.19963921890519,9.216484492653251
49.19955569324009,9.216493042194486
49.19948096857331,9.216498155155421
49.19941957113258,9.216504693039894
49.19934974987916,9.216496059679628
49.19925130442641,9.21648642049098
49.19916991614662,9.216470830151081
49.19909431138001,9.216468567037225
49.19901602440439,9.216466471561432
49.19893568386249,9.216466220104337
49.19886431195698,9.216460855686307
49.19878556397668,9.21646244824791
49.19874076270423,9.216444594794154
49.19866553512327,9.216438140728712
49.19859353457502,9.216426657521367
49.19852442578338,9.216418778532386
49.19844949156902,9.216403439649582
49.19837124650292,9.216402769097328
49.19831001670025,9.216402685278297
49.19824153655134,9.216397991412521
49.19817267921678,9.216400170707345
49.19809632007889,9.216394219556094
49.19801727873198,9.216366643094659
49.19795055878274,9.21637594700718
49.19787834868691,9.216379551225543
49.19781100009493,9.216366894551754
49.1977313720148,9.216369744398833
49.19766938784085,9.216355830439568
49.19759411835037,9.216344766327381
49.19752350081615,9.216330936187148
49.19745896016173,9.216326745235563
49.19737811670564,9.21632171609366
49.19731122911833,9.216313250371456
49.19724291660748,9.216314340018869
49.19717066460214,9.21631291509533
49.19709120416007,9.216292966165781
49.19700901959948,9.216292630889654
49.19694577814005,9.216279890396834
49.19687453196309,9.216278214016199
49.19680370488129,9.216271340855599
49.19672960885725,9.216260612019539
49.19665333353839,9.216253068306685
49.19656758666895,9.216255499058605
49.19649143707863,9.216250721373797
49.19642048426829,9.21624158509934
49.19633934744559,9.216241501280308
49.19626198247931,9.216232951739073
49.19618327640853,9.216218953960777
49.1961062886279,9.216205710553766
49.1960277921047,9.216202609249592
49.19594531417749,9.216201854878307
49.19587339744828,9.216226497673631
49.19578442354612,9.216229012244582
49.1957177874159,9.216214343914032
49.1956556775134,9.216208811857939
49.19557470832876,9.216230772444248
49.1954915598493,9.216229012244582
49.19541909829638,9.21622549184525
49.19534500227235,9.216232365005851
49.19527212162427,9.216231107720375
49.19520154599957,9.216232365005851
49.19513453268371,9.216224737473965
49.19506144248805,9.216220462703347
49.19499958404265,9.216234292843581
49.19494719714783,9.216234292843581
49.19488240503631,9.216235550129056
49.19483010196052,9.21624208801353
49.19475906533114,9.216279387482643
49.19470018246136,9.216314172380805
49.1946275951799,9.216336552062273
49.19456053995452,9.216376785197497
49.19448958714418,9.216386843481303
49.19441146780662,9.216394806289316
49.1943104658734,9.216417605065942
49.19424097989611,9.21643068083489
49.19416487221531,9.216448534288645
49.19408176564536,9.21648298391068
49.1940184403669,9.216505363592148
49.19393897992484,9.216506117963434
49.19387125414721,9.216502094649911
49.19380868324004,9.21650838107729
49.19375667353086,9.216501340278626
49.19369339016191,9.21649664641285
49.19361191806308,9.216508632534385
49.19354163580499,9.216512488209844
49.19347437103204,9.216537885376454
49.19339189310483,9.216558001944065
49.19332215567044,9.216567724951744
49.19327768967412,9.216575436302662
49.19320862279199,9.21658658423388
49.19314508796595,9.216579291978121
49.19305841908715,9.216588679709673
49.19297258839867,9.216589098804832
49.19290276714526,9.216616004714012
49.19285163753591,9.2166149150666
49.1927873902481,9.216608628639221
49.19270684015862,9.216603264221192
49.19262708634994,9.216604270049572
49.19256782629452,9.216619273656249
49.1924951132845,9.216628409930706
49.19240312189719,9.216635366910339
49.19232575693092,9.216642826804161
49.19225094844511,9.21665154398346
49.19216826097033,9.216653052726031
49.19208448384813,9.216662356638551
49.1920143692281,9.216675683864594
49.19193616607151,9.216678114616514
49.19186550662777,9.216693704956413
49.19179426045081,9.216706948363424
49.19171961960307,9.216709379115343
49.19163844087085,9.216708876201153
49.19156388384214,9.216709882029534
49.191501396754,9.21670921147728
49.19140031100175,9.216699991383791
49.19132843618205,9.216691944756747
49.19125174176803,9.216696638622523
49.19118204624316,9.216697644450903
49.19109793384484,9.216708038010836
49.19101847340277,9.216709295296312
49.19095833324752,9.216726645835877
49.19089379259309,9.216720359408498
49.1908155894365,9.216727400207162
49.19073872738442,9.216725975283623
49.19066928331664,9.216725640007496
49.19059933633468,9.216731255882621
49.1905327840235,9.216740308338046
49.19045005463919,9.21673268080616
49.19037704826257,9.216738799595475
49.19031665665022,9.216738631957412
49.19023736384622,9.216730333873272
49.19017994780949,9.216737374671936
49.19012240604422,9.216742068537712
49.19005472217611,9.21674391255641
49.18999592312536,9.216753551745057
49.18992438358179,9.216750366621852
49.18985192202887,9.216757323601485
49.18978184931836,9.216742655270934
49.18971056123188,9.216735782110334
49.18964103334508,9.216729495682955
49.18957863007596,9.216728908949733
49.18952574026695,9.216720024132371
49.189498121896,9.216714240619183
49.18948592622689,9.216705607258916
49.18944808193407,9.216693704956413
49.18943902947864,9.216691777118683
49.18943253350368,9.216692363851905
49.1894264985334,9.216689011090637
49.18941581160686,9.216672917836547
49.18940311302355,9.216636121281624
49.18939506639651,9.216574765750408
49.18939313855878,9.216492287823201
49.18939393483958,9.216392459356427
49.18939271946362,9.216280225672961
49.18939288710168,9.216157598429561
49.18938756459317,9.216051483535409
49.18938731313607,9.215935394176483
49.18938492429367,9.215823160493017
49.18938555293641,9.215713609018563
49.18938073334208,9.215616295122741
49.18938681022188,9.21552292072141
49.18940638196579,9.215444969021915
49.1893974133294,9.215364754208563
49.18936556209734,9.215278923520087
49.18933681216946,9.215194769212244
49.18928077914676,9.215153194972514
49.18920014523825,9.215156463914751
49.1891207267057,9.215161241599558
49.18901850939653,9.215181106710075
49.18895820160321,9.215208934628604
49.18887735814712,9.215214550503729
49.18877732013276,9.215217735626934
49.1886984045144,9.215230057024597
49.18861932125798,9.215252520525096
49.18854685970506,9.215286970147131
49.18848156467936,9.215321922683357
49.18840428353212,9.215341787793873
49.18832356580457,9.215332400062321
49.18822277341894,9.215358886876343
49.18812298686168,9.215396437802552
49.18804972902796,9.2154129501518
49.18796469462028,9.215435497471331
49.18786872182897,9.215468605988859
49.18778310068807,9.215485118338107
49.18769743763766,9.215502468877672
49.18761986312381,9.215520657607554
49.1875389777582,9.215520741426586
49.18745507490745,9.215517472484349
49.18738822922966,9.215516299017905
49.18731086426339,9.215518562131761
49.18722746432683,9.215493751698373
49.1871488839846,9.215500205763815
49.18706795670948,9.215503809982179
49.1870027455028,9.215482603767155
49.18694738303235,9.215447315954803
49.18688942217192,9.215417057284354
49.1868092911776,9.215386630975841
49.18672857345006,9.215350085878013
49.18666034475824,9.215335920461653
49.18657891456893,9.215304153048633
49.18650418990216,9.215291328736781
49.18639815882704,9.215280767538784
49.18632205114624,9.215262159713744
49.18623978276661,9.215239193299054
49.18617788241169,9.215200301268338
49.18610592377296,9.215161995970844
49.18602734343073,9.215139113375185
49.18596590408048,9.215103322648643
49.18591821105144,9.215049510830282
49.1858726554077,9.214982707062005
49.18583409865311,9.214913053446649
49.18580476199201,9.214827306577204
49.18575652413926,9.214746672668694
49.18570732236764,9.214655896657346
49.18565351054928,9.214570904159187
49.18561235540471,9.214482810356854
49.18556411755196,9.214399410420297
49.18552044783643,9.214304527276395
49.18547803540638,9.214217020207284
49.18543633543811,9.21411518008375
49.18539484501741,9.214023984977244
49.18535494715831,9.21392315068209
49.18530884669087,9.213826842614649
49.18526140511891,9.213729444899794
49.18522125580272,9.213631963365909
49.18517247312626,9.213548144334194
49.18512800712994,9.213461894550559
49.1850914201226,9.213380925365922
49.18505843733362,9.213307164618012
49.18498706542811,9.21324840747678
49.18491841764114,9.213204653942224
49.18485898994764,9.213180178784963
49.18478359472861,9.213159894579288
49.18469097469857,9.213137850173947
49.18462354228755,9.213124858224031
49.18455179319641,9.213108429693815
49.18445804160943,9.213101807990309
49.18439588979741,9.213082697251078
49.18432619427254,9.21305495315158
49.18426425200811,9.213041793563601
49.18419338301679,9.213016731673118
49.18412528005352,9.213005164646741
49.18404946573934,9.21298898757362
49.18397499252966,9.212980102756259
49.18390345298609,9.212972642862436
49.18383442801347,9.212959064179298
49.18376678605487,9.212933164098498
49.18369566560646,9.212853536018368
49.18366637085488,9.212737698116538
49.18363636364153,9.212635774173972
49.18359952517709,9.212543070324895
49.18356013023218,9.21244366095328
49.18350866534671,9.21234349721038
49.18346922849229,9.212251212456462
49.1834478546392,9.212143672638771
49.1834190628018,9.212037557744619
49.18340234090498,9.211932281040784
49.18337572836241,9.211823483937616
49.18334806808194,9.211711585530276
49.18332413774839,9.211602956065173
49.18330062650999,9.211499104284878
49.18327170894405,9.211406316616769
49.1832430428352,9.211301626646156
49.18323608585557,9.211202720188732
49.18321270034572,9.2111024726268
49.183193631516,9.210996693008775
49.18317758017143,9.210891667762036
49.1831558291327,9.210785385229821
49.18313575447461,9.210679521792764
49.1831058729898,9.210585895934338
49.18310633399447,9.210477434107299
49.18310008947661,9.210385065534348
49.1831066692706,9.210286326714987
49.18312607337644,9.210200747483606
49.18314036452135,9.210104858511324
49.18317179665824,9.209993965932362
49.18319053021183,9.20989220962786
49.18320503090432,9.20977394097411
49.18318524961283,9.209677968182795
49.18315561958512,9.209577301525705
49.18310520243755,9.209507061177128
49.18304627765825,9.209466995679968
49.18299183719715,9.20945635066294
49.18293995321652,9.209444364541405
49.1828828305464,9.209408741452926
49.18283589188864,9.209350403406852
49.18281342838814,9.209263399251931
49.18279917915275,9.209145549693339
49.18278019414207,9.209048571073644
49.18276049666962,9.208933319905036
49.18273312975576,9.208839610227578
49.18272047308197,9.208721006297701
49.18269750666728,9.208625452601545
49.18268996295443,9.208545824521416
49.18266423051169,9.208453455948465
49.18264050972572,9.208349352711075
49.18261502874007,9.208240304150813
49.18259197850635,9.208127148457997
49.1825704370152,9.208019943916431
49.18255476285627,9.207933610313765
49.18254315392038,9.207827327781549
49.18253929824492,9.20771400445067
49.18251838539651,9.207597831272713
49.1825004062142,9.207493728035322
49.18247366794309,9.2073636408981
49.18246034071704,9.207272194334498
49.18243636847397,9.207163564869395
49.18241512034943,9.207049654805294
49.18238515504559,9.206932811075083
49.18234337125828,9.206835748636356
49.18232233268132,9.206719575458399
49.18229957581421,9.20661798679196
49.18227564548066,9.206512793907157
49.18225322388967,9.206392848872772
49.18222640179953,9.206277262428037
49.18220213618984,9.206169974067439
49.18219232936313,9.206049442299832
49.18215989139786,9.205952212223043
49.18215553280821,9.205860095107187
49.18212787252774,9.205763535582651
49.18209903878083,9.205661024906863
49.18207012121489,9.205563208096851
49.18203944344928,9.205455081545939
49.18199476790538,9.205351313584675
49.18196723335346,9.205264728524913
49.18191610374411,9.205161379658808
49.1818917543154,9.205057024964322
49.18185537685564,9.20496650041007
49.18181505990138,9.20486633666717
49.18177180928102,9.204773716637124
49.18172315233311,9.204685036101569
49.18167093307635,9.204593505718936
49.18163371742627,9.204510776334633
49.18159725614747,9.204415725552668
49.18154910211375,9.204330984511603
49.18148380708804,9.204263342553007
49.18141570412477,9.204185139396417
49.18133419011643,9.204138452195751
49.18127262503764,9.204070307322967
49.18122421954682,9.203996881851184
49.18113901750108,9.203942064204442
49.18111483571043,9.203869812199104
49.18105729394516,9.203814994552362
49.18100302112212,9.203763948762047
49.1809413722243,9.203704269611466
49.18087905277422,9.203648446136343
49.18082670778891,9.203650290155041
49.18074992955586,9.20360041783117
49.18068932839593,9.20355934650563
49.18062524874618,9.203513497495281
49.18056175582966,9.20347678475939
49.18049608361831,9.20342842117809
49.18043007613083,9.203390367337692
49.18036050633451,9.20335315168761
49.1802970553275,9.203309398153054
49.18022715025505,9.203268745922673
49.18015653272083,9.203231949367749
49.18008478362968,9.203196913012492
49.18001793795189,9.203166654342043
49.17995088272652,9.203136311852562
49.1798826540347,9.203109741219508
49.17981396433821,9.20308878646158
49.17974351444205,9.203068166979778
49.17967323218396,9.203038914137709
49.17960332711151,9.203023407616842
49.17953065601101,9.203004129239547
49.17945639234891,9.202998764821517
49.17938045230618,9.202978312977779
49.17931561828514,9.202968925246227
49.17924143844208,9.202960208066928
49.17916243900468,9.202937157833206
49.17908406821003,9.202907234438884
49.17901831217965,9.202892314651239
49.17894828137865,9.202885357671606
49.1788765322875,9.202881501996147
49.17880671103408,9.202873203912008
49.17873504576197,9.20286356472336
49.17865897999069,9.202864151456582
49.17858358477166,9.202850991868603
49.1785062617149,9.202862726533043
49.17842919011524,9.202866246932375
49.17834671218803,9.202862977990138
49.17826729365548,9.202880579986799
49.17819927451124,9.202899523087966
49.17812895034363,9.202917041265595
49.17805523150524,9.202928189196813
49.17795552876701,9.202924249702322
49.17788512078037,9.202936571099984
49.17781492234131,9.202947970488298
49.17774308943113,9.202967081227529
49.17768165008088,9.202973619112003
49.17761099063715,9.202977642425525
49.17754456405451,9.202976468959081
49.17747009084484,9.202997256078946
49.17737533342948,9.203019216665256
49.17730584745219,9.203044278555739
49.17722797957172,9.203063808390128
49.17718472895135,9.203077135616171
49.17712173894902,9.203087110080945
49.17704785247256,9.203099934392798
49.17698922105988,9.203104628258574
49.17691629850228,9.203120386236536
49.17685272176673,9.20313815587126
49.17679379698743,9.203145448127019
49.17672523301949,9.203178389006483
49.17665700432767,9.203191297137367
49.17659376286824,9.20320705511533
49.17651715227326,9.203213760637867
49.17645177342852,9.203225746759403
49.17636363771667,9.203228848063576
49.17628719475974,9.203254915782439
49.17620765049865,9.203260028743374
49.17613313537945,9.203297998764741
49.17607567743321,9.203303614639866
49.17602383536209,9.203333454215157
49.17596004907896,9.203361701228845
49.17590133384724,9.20335851610564
49.17582543571402,9.203376788654554
49.17574949567129,9.203395312660563
49.17567317844291,9.203412830838191
49.17560163889934,9.20341425576173
49.17549958922823,9.203422805302965
49.1754086036693,9.203449459755051
49.17533136443158,9.203458763667571
49.1752579389598,9.203494889670241
49.17517889761289,9.203524896883595
49.17511309967299,9.203547695660221
49.17503850073476,9.203569488608467
49.17496914048602,9.203584324577081
49.17488942858686,9.203590359547364
49.17481822431942,9.203606117525327
49.17474299673845,9.203618271284926
49.17469140612443,9.203628581025827
49.17460046247502,9.203626401731002
49.17453307197352,9.203629083940017
49.17447297372778,9.203636627652871
49.17439493820925,9.203657666229832
49.17432670951744,9.203669400894272
49.17424439922829,9.203690858566391
49.17416715999057,9.203714411714303
49.17406586469074,9.203749196612465
49.1739833029445,9.203763697304952
49.1739161639001,9.203804433354366
49.1738302913021,9.203822035351026
49.17375527326872,9.203836033129322
49.17368926578124,9.203856820249188
49.17363176592549,9.203873164960372
49.17356060356756,9.203881295406449
49.17349539236088,9.203875930988419
49.1734470706891,9.203876350083577
49.17337100491782,9.20388917439543
49.1732908739235,9.203897388660538
49.17319649369379,9.203910883524644
49.17313572489579,9.203911554076898
49.1730760038357,9.203939298176396
49.17299897414555,9.203953631230819
49.17292093862702,9.203969975942004
49.17285757143905,9.203970897951352
49.17279424616058,9.203980118044841
49.17271109768112,9.203985147186744
49.17265904606243,9.204011885457861
49.17256747377028,9.204034181320297
49.17249056980868,9.204040719204771
49.17243332141002,9.204067625113952
49.17236513462772,9.204073324808109
49.17228383016695,9.204087909319627
49.17221015323808,9.204099560165035
49.17213936806579,9.204117497437823
49.17207625233491,9.204122694217789
49.17199926455428,9.204157730573046
49.17191972029318,9.204183379196751
49.17183451824744,9.204199556269872
49.17176465508451,9.204216906809437
49.17169039142241,9.204232748606431
49.17163385548552,9.204251775526631
49.17155422740539,9.204244650908935
49.17147698816766,9.204256972306597
49.17140033566316,9.204281782739985
49.17133022104313,9.204286308967699
49.1712495452251,9.204307263725628
49.17116899513562,9.204319501304258
49.17110835206618,9.204296367251505
49.17103454940875,9.204319501304258
49.17095747780909,9.204339450233807
49.17089105122646,9.204359734439482
49.17082236152996,9.204381778844823
49.170747133949,9.204409858220448
49.17066314727922,9.204418240123619
49.17059257165452,9.204437769958009
49.170517218345,9.204461323105921
49.17044052393098,9.204484540977706
49.17037191805353,9.204500298955669
49.17029543318709,9.204513877638806
49.17022452228625,9.204518655323614
49.17015419811865,9.204538688072194
49.17008156892766,9.204554026954998
49.17002197359611,9.204518487685551
49.16995152369996,9.204534916215767
49.16988023561348,9.204544303947319
49.16980773215105,9.204553691678871
49.1697431076776,9.204548997813095
49.16968003385623,9.204574562617768
49.16960468054671,9.204596942299236
49.16953016542752,9.204621333637466
49.1694704024579,9.20464304276668
49.16939257648696,9.204699285336961
49.16932191704322,9.204773297541966
49.16924878493805,9.20482140966617
49.16916668419648,9.204870359980692
49.1690837452646,9.204916879543294
49.16899841749031,9.204931212597717
49.16894929953773,9.204874383294214
49.16885948744525,9.204876478770007
49.16878195484091,9.20488930308186
49.16871288795878,9.204901289203395
49.168643443891,9.204912604772677
49.16856846776713,9.204920232304563
49.1684959643047,9.204932721340288
49.16843435731639,9.204912018039455
49.16836365596313,9.204907491811742
49.16828918275345,9.204912940048803
49.16821789466698,9.204923417427768
49.16813931432475,9.204951664441456
49.16806697850038,9.204971864828099
49.16799678006132,9.204996256166329
49.16792628825564,9.204998100185026
49.16785093494613,9.204989383005728
49.16776041039188,9.205077392989029
49.16769377426166,9.205066496514906
49.16760387835015,9.205037076034774
49.16751176123429,9.205040680253138
49.16744600520391,9.20505694114529
49.16738196746368,9.20506716706716
49.16732354559858,9.20506716706716
49.16728624612946,9.205064820134272
49.16724551008005,9.205085188158979
49.16719869715084,9.205111423515905
49.16714119729508,9.205122068532933
49.16707342960794,9.205127935865153
49.16700708684434,9.20513849706315
49.16693282318224,9.205138580882181
49.16685658977289,9.205146124595036
49.16679284539927,9.205156182878842
49.16672164113183,9.205156601974
49.16664155204703,9.20516490005814
49.16657030587007,9.205175209799041
49.16648405608643,9.205186357730259
49.16640623011548,9.205181244769324
49.16633313991983,9.205184094616403
49.16627534669746,9.205191470691194
49.16618079882969,9.205209072687854
49.16610565506775,9.205196080737938
49.16603227150549,9.20519666747116
49.16596974250783,9.20519423671924
49.16590210054923,9.205209156506886
49.16582452603538,9.20520253480338
49.16574414358396,9.205194907271494
49.16567746554423,9.205202367165317
49.16560244751085,9.20520789922141
49.16552684274424,9.205215526753296
49.16546020661403,9.205220555895199
49.16539516304542,9.205232625835766
49.16530987718065,9.205227764331926
49.165240768389,9.205226926141609
49.16516311005611,9.205229189255466
49.16509492327381,9.205233128749956
49.16502556302507,9.205235894778003
49.16494761132557,9.205235391863813
49.16487602987249,9.205243270852794
49.16479749143977,9.205246707433094
49.16472322777767,9.205245198690523
49.16464938321073,9.20525140129887
49.16457226970155,9.20525089838468
49.16449985005815,9.205249724918236
49.16441016369421,9.205235894778003
49.16433925279338,9.205246204518904
49.16427555032928,9.205224830665816
49.16418481622745,9.205210665249457
49.16411139075566,9.205199182042112
49.1640351154368,9.205179736026754
49.16396143850793,9.205170851209392
49.16389618539174,9.205167079352965
49.16382866916169,9.205166157343616
49.16376303885986,9.2051600385543
49.16370398835201,9.205178143465151
49.16363844186921,9.205171605580677
49.16354598947723,9.205172108494867
49.16347872470428,9.20515023172759
49.16342470333834,9.205135982492198
49.16335002058108,9.205104466536273
49.16327232033868,9.205093402424087
49.16319533255805,9.205082757407059
49.16311021433134,9.205066245057811
49.16300770365555,9.205059707173337
49.16293046441783,9.205062389382352
49.16286391210664,9.205051409089197
49.16277062152434,9.205026682474841
49.16270008780916,9.205011678868164
49.162624357314,9.205005392440786
49.16257314388562,9.204994831242789
49.16250164625157,9.204954681926598
49.16241460018713,9.204922998332609
49.16234549139548,9.20490154066049
49.16225446392704,9.204882681378354
49.16219101292003,9.204884106301893
49.16212605317045,9.204876478770007
49.16206289553006,9.204850411051144
49.16199315809566,9.204829288655151
49.16192765352238,9.204807411887874
49.1618616460349,9.204799700536956
49.16176273957748,9.204763071620096
49.1616856260683,9.204733651139964
49.16160763245929,9.204717893162002
49.16155206044126,9.20472024009489
49.16149212983358,9.204705152669181
49.16142197330404,9.204684700825442
49.16135102049369,9.204686628663172
49.16126636327166,9.204687550672521
49.16123141073543,9.204679420226444
49.16117328223694,9.204664416619767
49.16109164250005,9.204645222061504
49.16101599582392,9.204641198747982
49.16094542019922,9.204635415234794
49.16087987371642,9.204614628114928
49.16080271829772,9.204603647821774
49.16074362588036,9.204575484627117
49.16067154151309,9.20455704444014
49.16059455373246,9.204538352796067
49.16051186625767,9.204530892902245
49.16045051072646,9.204505076640476
49.16037218184132,9.204482613139977
49.16029418823231,9.204463670038809
49.16020659734416,9.204454785221447
49.1601340100627,9.204427795493235
49.160062135243,9.204440116890897
49.15999105670411,9.204416060828795
49.15992169645536,9.204396866270532
49.15985250384468,9.204367110514273
49.1597798746537,9.204338444405426
49.15970540144402,9.204318914571036
49.15963520300496,9.204324781903257
49.15956953079361,9.204316316181053
49.15951299485672,9.204313633972038
49.15945847057659,9.204298127451171
49.15939887524504,9.204288152986397
49.15935122412551,9.204299971469869
49.15928131905306,9.20427566395067
49.15920550473887,9.204251607888567
49.15912897796292,9.20423073694967
49.15905752223838,9.204213805505264
49.15898371958095,9.204201735564697
49.15891159330416,9.204180361711609
49.15883468934256,9.204151779421794
49.15876361080367,9.204128813007104
49.15868846704173,9.204118922361362
49.15859408681202,9.204101655640828
49.15852137380201,9.204073911541331
49.15843286090452,9.204049017288911
49.15837448094893,9.204039378100264
49.15830830582339,9.204039713376391
49.15822658226747,9.204020770275223
49.15814569690186,9.204024793588745
49.15805454370487,9.203979279854524
49.15798208215195,9.203957486906278
49.15792215154428,9.203946758070218
49.15787123148251,9.203924294569719
49.15780836720872,9.203906608754027
49.15774256926883,9.203894790270555
49.15768129755664,9.203855982058871
49.15759806525815,9.203854640954363
49.15750930090356,9.203838799157369
49.15743197784681,9.203837709509957
49.15735695981342,9.203815665104615
49.15729044941175,9.203789429747689
49.15721635338772,9.203776856892931
49.1571489209767,9.203779874378073
49.1570791416328,9.203769648456204
49.15700211194265,9.203747939326989
49.15693547581244,9.203737461948025
49.15685454853732,9.203727571302283
49.15679411501545,9.203708712020147
49.15671293628323,9.203688260176408
49.15664018136371,9.203668562703955
49.15656847418207,9.203665209942686
49.15649358187724,9.203639058404791
49.15643063378442,9.203626150273907
49.15636806287724,9.203603770592439
49.15629622996706,9.203584911310303
49.15622175675738,9.203548785307634
49.15615109731365,9.203550629326331
49.15607385807592,9.20352221467458
49.15599456527192,9.203501176097619
49.15591824804354,9.203479299330342
49.15585529995072,9.203468905770409
49.1557814972933,9.203450800859558
49.15572219532836,9.203436132529008
49.1556422319721,9.203421045103299
49.15557098579514,9.203405873858559
49.15546784647662,9.203383410358059
49.15541374129165,9.203384835281598
49.15533960335809,9.203382823624837
49.15527627807963,9.203374022626507
49.15520675019282,9.203360108667242
49.15512737356979,9.203358851381767
49.15505114016045,9.203339740642535
49.15496493228633,9.203294813641536
49.15489439857114,9.20327888802551
49.15482239802289,9.203269919389117
49.15475999475378,9.203259190553057
49.15468916767198,9.203240834185111
49.15461632893342,9.203248126440871
49.15454290346164,9.203239073985445
49.15447274693209,9.203225160026181
49.15440242276448,9.203214179733026
49.15433683437216,9.203197332107651
49.15425879885363,9.203179813930022
49.15418541529137,9.203165229418504
49.15411395956683,9.203156931334364
49.15405021519321,9.203154584401476
49.15398533926266,9.203135808938372
49.15392498955983,9.203122816988456
49.15385764096784,9.203110411771762
49.15377759379255,9.203093983241546
49.15370722771543,9.203075291597473
49.15365953468638,9.203067161151397
49.1535966704126,9.203038578861582
49.15351737760859,9.20303162188195
49.1534341453101,9.203012511142719
49.15336139039057,9.202997758993137
49.15329115004199,9.202986443423855
49.15321307261395,9.202973200016844
49.15315175899225,9.202972194188463
49.15307980035352,9.202959872790801
49.15300210011112,9.20293539763354
49.15294711482632,9.202902540573108
49.15287318644035,9.202881669634211
49.15279921614486,9.202881334358084
49.15271874987441,9.202874209740388
49.15264402520764,9.202866666027534
49.15256837853151,9.202845711269605
49.15249516260731,9.20283129439615
49.1524211504023,9.202817548074949
49.15235648401934,9.202775470921027
49.15228842296558,9.202740937479961
49.15221541658896,9.202723419302332
49.15214534387844,9.202701626354086
49.15206424896526,9.202678911396491
49.15199216459798,9.20266273432337
49.15191442244607,9.202652173125374
49.1518291365813,9.202627446511018
49.15176442828881,9.202598193668949
49.1516906675409,9.202584363528716
49.15162046910184,9.202557541438567
49.15154570252555,9.202538430699336
49.15147504308182,9.202533820652592
49.1514102509703,9.202505238362777
49.15134533313024,9.202509010219204
49.15127605670052,9.202506998562443
49.15120162540036,9.202496856459605
49.1511340672608,9.202510602780807
49.15106227626013,9.202477242806184
49.15099693932491,9.20246140100919
49.1509213345583,9.202436339118707
49.15084899873393,9.202428627767789
49.15077243004846,9.202405661353099
49.15069221523511,9.202383868404853
49.15062943478036,9.202374396854268
49.15055144117134,9.202363332742081
49.15047621359038,9.202350843706355
49.15041372650224,9.202339695775137
49.15033904374498,9.202315555894003
49.15026524108755,9.202300552287326
49.15021159690725,9.202251434334741
49.15013108872729,9.20223182068132
49.15006315340209,9.202257301666961
49.14999697827655,9.202249841773138
49.14992564828056,9.20222695917748
49.14985352200377,9.202213045218215
49.14979233411061,9.202183876195178
49.14971044291663,9.202177505948768
49.14963446096438,9.202172476806865
49.149558143736,9.202160239228235
49.14950391282248,9.202140793212877
49.14942935579377,9.202102236458288
49.14935148791331,9.202112462380157
49.14930450734603,9.202079018586502
49.14922496308493,9.202056219809876
49.14915757258343,9.202037947260962
49.14907811214137,9.202019255616889
49.14900724315005,9.202013975017891
49.14895162922251,9.202013220646606
49.1488892259534,9.201988410213218
49.14881906942385,9.201959241190181
49.14874057290065,9.201960498475657
49.14865755014974,9.201967287817226
49.14857624568897,9.201945411049948
49.14850562815475,9.201931245633588
49.14842641916978,9.20190836303793
49.1483345116015,9.201900735506044
49.14825961929667,9.201883720242606
49.14818326015877,9.201842732736097
49.14810136896479,9.201825466015563
49.14802693766462,9.201812725522743
49.14795137480753,9.201822029435263
49.14788515777248,9.201809540399537
49.1477969382416,9.2017734982159
49.14772317749369,9.201748268687354
49.14764359132307,9.201733097442613
49.14757448253143,9.201712226503716
49.1475162702139,9.20169143938385
49.1474417550947,9.201684482404218
49.14737314921724,9.201657492676006
49.14730257359254,9.201638046660648
49.14722755555916,9.201615583160148
49.14716540374714,9.201603261762486
49.14708875124263,9.201581049719081
49.1470152000423,9.201554646724091
49.14695426360625,9.20154970140122
49.14687769492078,9.201516676702724
49.14682182953614,9.201499409982191
49.14677463942128,9.201473593720422
49.14669777736919,9.201457668104396
49.1466134973328,9.201458003380523
49.1465212544884,9.201438054450975
49.1464477871071,9.201414668941126
49.14637779821562,9.201411399998889
49.14628195115285,9.201395977297054
49.14620575965302,9.201381308966504
49.14613183126705,9.201364796617256
49.14605270610111,9.201358007275687
49.14595476356255,9.201346691706405
49.14587689568209,9.201340489098058
49.14580686488109,9.201331017547474
49.14575120904403,9.201317438864336
49.14568868004637,9.201302016162501
49.14561391347008,9.201298831039296
49.14553948216992,9.201280307033286
49.14546655961232,9.201260358103738
49.14540457543837,9.20124091208838
49.14533902895557,9.201234709480033
49.14526329846041,9.201224399739132
49.14519804534422,9.201204786085711
49.14511615415024,9.201183998965845
49.1450423095833,9.201171677568183
49.14497240451085,9.201166061693058
49.14489969150083,9.201144268744812
49.14482702040034,9.201136054479704
49.14475770206111,9.201115351178871
49.14468645588415,9.201096324258671
49.14462065794425,9.201083919041977
49.144549956591,9.201102526867018
49.14447242398666,9.201092803859339
49.14439916615294,9.201077800252662
49.14432385475295,9.20105768368505
49.14424041290687,9.201032957070694
49.14417557888584,9.201018288740144
49.144111247779,9.200993562125788
49.14404255808251,9.200984258213268
49.14397445511924,9.200969422244654
49.14391071074562,9.200950730600582
49.1438395483877,9.200939582669363
49.14376520090656,9.200915610426293
49.1436915658872,9.200904797771202
49.14363159337001,9.200894571849332
49.14356173020708,9.200873868548499
49.14348398805516,9.200856266551838
49.14342657201843,9.200828522452341
49.14335285318004,9.200808657341824
49.14327641022312,9.200785942384229
49.14319963199006,9.200764819988237
49.1431244044091,9.200767502197252
49.14305060175167,9.2007322143849
49.1429777211036,9.200713438921795
49.14288870529192,9.200673373424635
49.14281146605419,9.2006389238026
49.14273238279777,9.200624926024304
49.14266863842415,9.200640264907108
49.14260087073701,9.200621489444003
49.14252455350863,9.200612604626642
49.1424734658088,9.200598774486409
49.14241793570029,9.20057781972848
49.14234685716139,9.200563989588247
49.14228030485021,9.200548566886411
49.1422081366639,9.200535155841337
49.14216702342885,9.200524175548182
49.14211073894905,9.200531132527814
49.14203928322451,9.200530797251687
49.14198962044822,9.200520236053691
49.14191183638679,9.20050648973249
49.1418420989524,9.20049475506805
49.14176959548997,9.200469190263375
49.14172324356543,9.200479164728151
49.14165903818714,9.200448319324478
49.14160862103956,9.200438512497767
49.14156268821018,9.200442368173226
49.14151302543389,9.200439602145179
49.14146432657646,9.200432226070388
49.14142103404658,9.200418815025314
49.14139819336044,9.200419737034663
49.14137740624057,9.200417054825648
49.14138059136378,9.200423173614963
49.14137623277413,9.200396686800941
49.14135640957313,9.200389478364214
49.14134605792271,9.200384030127152
49.14133532908665,9.20036827214919
49.14131588307129,9.200353855275734
49.14129605987029,9.20031990856789
49.14127720058816,9.200277663775905
49.14125641346829,9.200227372356876
49.14121819198983,9.200134500869735
49.1411877237718,9.200054034599288
49.14117795885461,9.19997641817592
49.14116777484225,9.19987625443302
49.14117959332572,9.199772989385947
49.14124304433273,9.199700485923513
49.14129484449433,9.199626808994635
49.14134685420351,9.199575679385289
49.14137283810334,9.199521951385959
49.14135389500218,9.199457159274443
49.14133717310535,9.19940376655124
49.14127363827931,9.199441401296481
49.14123093248265,9.199491608896478
49.14117355835544,9.199546258905157
49.14111232855277,9.199600825094803
49.1410539905067,9.199679866441711
49.14100789003925,9.199728900575264
49.14096556142824,9.199767122053727
49.14092143070804,9.199805846446379
49.14087755144494,9.199844654658063
49.14083484564828,9.199882708498462
49.14077302911239,9.199935179212316
49.14062047847467,9.200019668796285
49.14051725533711,9.200006090113147
49.14040720094847,9.200070630767568
49.14034714461224,9.200095441200956
49.14029065058487,9.200070463129505
49.14023905997085,9.200064679616316
49.14017787207769,9.200078425937518
49.14012762256818,9.200108600788935
49.14019283377485,9.20019191690646
49.14023780268537,9.200204154485091
49.14029957731174,9.200222510853036
49.14034999445932,9.200225695976242
49.140404644468,9.200241118678077
49.14046335969972,9.200278334328159
49.14053079211073,9.200338348754867
49.14057546765464,9.200416384273394
49.14060819898652,9.200490480297432
49.14065895141022,9.200576981538163
49.1407006513785,9.2006648238834
49.14073191587733,9.200741350659356
49.14076452148067,9.20083095320426
49.14080232386397,9.200910497465358
49.14083291781055,9.200973026463018
49.14086150010036,9.20104544610642
49.14089213595646,9.201109232389555
49.14091740739452,9.201173018672691
49.14092746567832,9.201236385860668
49.14094837852674,9.201286090546475
49.14097155448901,9.201347529896722
49.14099079095678,9.201402850457654
49.14101719395178,9.2014661338266
49.14104192056613,9.20155263506733
49.1410674853708,9.201621953406558
49.14109594193207,9.201689763003216
49.14112209346997,9.201764278122411
49.14116303906696,9.201861675837264
49.14119991944091,9.201961504304037
49.14124581036078,9.202030655005203
49.14127296772705,9.202116066598521
49.14130075373607,9.202200053268299
49.14132925220685,9.202275741853938
49.14135582283991,9.202376827606187
49.14139215839015,9.202462574475634
49.14142547645526,9.202545806774127
49.14146529049533,9.202613532551753
49.14148570042955,9.202691819527375
49.14147857581185,9.202770860874283
49.14150766101586,9.20282492414974
49.14153280672537,9.202895164498317
49.14153766822921,9.202971439817178
49.14152693939315,9.203043188908326
49.14149311841386,9.203117452570426
49.1414485685985,9.203171599664914
49.14140573707329,9.203209737324345
49.14137376011269,9.203268159189451
49.14136747368531,9.203317780056226
49.14131366186695,9.203360946857559
49.14128290028231,9.203438395642864
49.14124681618916,9.203509893276918
49.14121844344692,9.203601256021487
49.14119396828966,9.203691026204455
49.14118445482956,9.203796135270226
49.1411887715097,9.203884731986749
49.14119568657981,9.203984141358363
49.14120008707898,9.204072067522633
49.14117142097013,9.204167537399757
49.14116098550068,9.204278262340653
49.141136719891,9.204385885977377
49.14111278955745,9.204490240671863
49.14111316674309,9.204603312545647
49.14112930190669,9.204706996687879
49.14112578150736,9.204807830983032
49.14111660332339,9.204897936442126
49.14111404684292,9.205003213145961
49.14112024945127,9.205102622517575
49.14111819588499,9.205203875907888
49.14112821225928,9.205292556443442
49.1411192855324,9.205373106532921
49.14112594914543,9.205446699642767
49.14114950229334,9.205508725726236
49.1411660565521,9.205579301350941
49.1411655117284,9.205656163403024
49.14116693665193,9.205736294397344
49.14117037323224,9.205816593029727
49.14117024750369,9.205889180311193
49.14121069018649,9.205975597732891
49.14121232465761,9.206036031254758
49.14121701852338,9.206072241076459
49.14123826664792,9.20614507981502
49.14121961691337,9.206174165019025
49.14121509068566,9.206266785049072
49.14120821752505,9.206347921871773
49.14120683451103,9.206454455861083
49.14120645732539,9.206548584633699
49.1411990812506,9.2066521849569
49.14118470628666,9.206766597935191
49.14120314647364,9.206877993428341
49.14119392638015,9.206986622893444
49.1411470296319,9.207114530735842
49.14115080148833,9.207287114122144
49.14112569768833,9.207427091905108
49.14111568131404,9.207543600359193
49.14111429830002,9.207662539565197
49.14111446593808,9.207755662509433
49.14110918533908,9.207822214820615
49.14110713177281,9.207864459612599
49.14110491056847,9.207886755475036
49.14113278039651,9.207912068822614
49.14113273848699,9.207975268372527
49.14113139738249,9.208055734642974
49.14112791889267,9.208138128751152
49.14112335075544,9.208222366878026
49.14114367687063,9.208343904474013
49.14114790973174,9.208420431249969
49.14115373515444,9.208516404041283
49.14115247786896,9.208603743472331
49.14115792610603,9.208694435664647
49.14116039876746,9.208796611064308
49.14116798438983,9.208882441752785
49.14116081786262,9.208987383180492
49.14115868047731,9.209083188333743
49.14115620781588,9.20917882584893
49.14113848009067,9.209297932692998
49.14112921808766,9.209397509702676
49.14113286421554,9.209489207723372
49.141152561688,9.209569171079629
49.14116069213407,9.209669083365434
49.14115872238683,9.209775868811839
49.14116199132906,9.209870332860582
49.14115595635878,9.209987595685952
49.14112268020319,9.210098069169755
49.14110143207865,9.210196472712989
49.14107498717414,9.210297558465237
49.14106212095277,9.21042228118443
49.14105533161121,9.210518421613807
49.1410503024693,9.210622021937008
49.14104891945528,9.21073157341146
49.14104661443191,9.210842717447514
49.14104925473141,9.210914969452853
49.14105277513074,9.211015300833816
49.14106484507131,9.211100712427134
49.14107293360787,9.211190734067197
49.14105575070636,9.211276732393737
49.14105646316813,9.211356192835803
49.14102662359284,9.211368598052497
49.14097432051705,9.211380584174032
49.14092352618383,9.21137806960308
49.14088522088634,9.211384104573364
49.14082000967966,9.211361976348991
49.14076494057583,9.211361389615769
49.14069935218351,9.211385948592062
49.14064616900789,9.211388127886886
49.14062102329837,9.211438670763011
49.14058975879954,9.211486196153993
49.14057366554545,9.21162432991826
49.1405706061508,9.211708903321261
49.14056444545196,9.211803032093878
49.14055124395447,9.211918199443456
49.14052928336816,9.212033031516906
49.14052903191106,9.212124897175666
49.14051339966165,9.212215421729919
49.14046633527534,9.212310723968979
49.14043331057685,9.212394878276822
49.14042568304496,9.212476015099522
49.14040921260523,9.212570143872139
49.14038741965698,9.212658740588662
49.14037643936383,9.212731914603349
49.14035619706767,9.212809111931559
49.14030967750507,9.212902151056763
49.14027958647268,9.212990328678128
49.14026148156183,9.213081942879793
49.14022879213946,9.213168863215682
49.14019794673579,9.213253017523524
49.14017581851142,9.213331136861083
49.1401498765211,9.213407915094134
49.14015063089239,9.213466420778271
49.14013654929506,9.213512688883778
49.14013520819055,9.213556107142207
49.14010243494915,9.213598016658064
49.14007971999155,9.21367110685372
49.14006836251276,9.213736653336522
49.14004476745533,9.213814185940858
49.14001945410775,9.213893059649704
49.14000248075383,9.213972436272739
49.13997230590241,9.21401451342666
49.1399728088166,9.21405700967574
49.13997565866368,9.214132614442347
49.13996379827069,9.214192461230992
49.13995847576218,9.214267898359536
49.13992767226802,9.214341491469382
49.13988471501427,9.214397901677726
49.13985847965734,9.214445259430645
49.13983073555784,9.214503681295751
49.13981472612279,9.214572664358853
49.13979532201694,9.2146272305485
49.1397682484697,9.21469177120292
49.13972198036419,9.214738877498744
49.13967789155351,9.214815907188891
49.13971535866069,9.214874161415933
49.13973589432346,9.214954040953158
49.13975781300025,9.215034004309414
49.13978392262863,9.215128300720094
49.13982549686836,9.21519208700323
49.13986715492712,9.215298453354476
49.13989460566001,9.215408675381182
49.13990705278622,9.215523004540442
49.13992105056452,9.215631717824577
49.13996363063263,9.215721320369481
49.13998764478522,9.215796673678994
49.1400047857772,9.215894155212879
49.14002569862561,9.21598702670002
49.14000285793947,9.216075539597512
49.1399772931348,9.216147540145755
49.13990390957253,9.216174948969126
49.13984712217854,9.216194897898674
49.13976770364599,9.21619858593607
49.13970907223331,9.216209985324383
49.13965660151946,9.216229012244582
49.13963858042764,9.216276202359438
49.13962910887705,9.216371504598499
49.13962399591612,9.216467645027876
49.13962692958223,9.216560432695985
49.13963216827171,9.216654645287633
49.13963912525134,9.216752965011835
49.13965609860526,9.216849356898308
49.13966548633682,9.216955890887618
49.13969356571244,9.217046918356061
49.13969721184032,9.21715680510664
49.13971271836119,9.217262500905633
49.13972885352479,9.217375405141354
49.13974008527504,9.217503648259878
49.13975035310643,9.217615881943345
49.13977600173013,9.217706238859536
49.13979016714649,9.217793745928647
49.13981254682796,9.217870775618794
49.13980198562997,9.217957695954683
49.13981799506502,9.218066073962691
49.13982218601661,9.21813346446419
49.13982767616319,9.218209320687892
49.13984129675584,9.218260617935302
49.139856258453,9.218308730059507
49.13986941804098,9.218359189116599
49.13988387682395,9.218409648173692
49.13989862897353,9.218456586831453
49.13991136946635,9.218497909614088
49.13991954182195,9.218540908777358
49.13992289458321,9.218583740302565
49.13990789097654,9.218632522979023
49.13988044024365,9.218681389474513
49.13983077746736,9.218719862410071
49.13977998313414,9.218748612337949
49.13972667422997,9.218778032818081
49.13968782410877,9.218801585965993
49.13966297176587,9.218813069173338
49.1396186734076,9.218832850464823
49.13956444249408,9.218860510745289
49.13951775529342,9.218890015044453
49.13946826015519,9.218924213209393
49.13941935175018,9.218956734993698
49.13933775392281,9.219024963685515
49.13929613777356,9.21903351322675
49.13925665900963,9.219032758855464
49.13923515942799,9.219093695291521
49.13920607422398,9.219128647827747
49.13915377114819,9.219125043609383
49.13911357992248,9.219137784102204
49.13907179613517,9.219150273137929
49.13903336510913,9.219160247602703
49.13899514363067,9.219177849599363
49.13895088718192,9.219190338635089
49.13892364599661,9.219174664476158
49.13888697517024,9.219204336413386
49.13884623912082,9.219241803520562
49.13881715391682,9.219280024999025
49.13879666016356,9.219323191800358
49.13878006399528,9.219368956991675
49.13877360992984,9.219413381078484
49.13877247837291,9.219471886762621
49.13878287193285,9.21958219260836
49.13879045755522,9.219666598373298
49.13879246921198,9.219750333585981
49.13882046476857,9.219833733522538
49.13883144506173,9.219909505927209
49.13886346393184,9.219962982469443
49.13888232321398,9.220020901420359
49.13890361324803,9.220080161475781
49.13892238871114,9.220150737100486
49.13892854940997,9.220249224462751
49.13893873342232,9.220355842271093
49.13894179281698,9.220458855861072
49.13898395378993,9.220548039310817
49.13902808451013,9.22060294077659
49.13906928156422,9.22060729936624
49.13910943088041,9.22061073594654
49.13912338674919,9.220629595228676
49.13916169204669,9.220596905806307
49.13917656992482,9.220579136171583
49.13919794377791,9.220564719298128
49.13921550386505,9.220532784247045
49.13922413722532,9.22051057220364
49.13923872173684,9.220480564990286
49.13925313861029,9.220456676566247
49.13928050552415,9.220463968822006
49.13930397485303,9.220485007398967
49.13931927182632,9.220502860852722
49.13932790518658,9.220515014612321
49.13933054548608,9.220523899429683
49.13933632899927,9.220529431485776
49.13934165150778,9.220529012390617
